'/4SpD2kESBSnNoPCO+MCtV6QZCP+9iISUVDVXGLX+qI=','ocp_io','2016-04-25 09:15:50'::timestamp,'2016-04-25 19:11:49'::timestamp,'A-132-0-030','A-132-0-073'
'gLrQi1Ex+z8P1HHay3yt+kK1PSwbj+hF45skyNKTkUQ=','btud','2016-04-26 14:07:39'::timestamp,'2016-04-26 15:00:51'::timestamp,'A-21-0-015','A-21-0-015'
'14da9VDPr+panEr0axPagVUpBb/4IMPVxT4RkRsEA5c=','world','2016-04-25 09:00:17'::timestamp,'2016-04-25 10:21:53'::timestamp,'None','None'
'14da9VDPr+panEr0axPagVUpBb/4IMPVxT4RkRsEA5c=','ogz','2016-04-25 10:21:53'::timestamp,'2016-04-25 10:47:16'::timestamp,'A-66-0-003','A-66-0-004'
'14da9VDPr+panEr0axPagVUpBb/4IMPVxT4RkRsEA5c=','ogz','2016-04-25 11:13:36'::timestamp,'2016-04-25 11:44:46'::timestamp,'A-66-0-040','A-66-0-040'
'14da9VDPr+panEr0axPagVUpBb/4IMPVxT4RkRsEA5c=','world','2016-04-25 13:19:26'::timestamp,'2016-04-26 10:49:49'::timestamp,'None','None'
'14da9VDPr+panEr0axPagVUpBb/4IMPVxT4RkRsEA5c=','ogz','2016-04-25 12:16:39'::timestamp,'2016-04-25 13:19:26'::timestamp,'A-66-0-021','A-66-0-004'
'pB1GxtaGK0Qov14DwWkmf8uPDZYJyFB08wUdNyEinfQ=','aula','2016-04-26 08:50:13'::timestamp,'2016-04-26 09:47:10'::timestamp,'A-20-0-015','A-20-0-037'
'pB1GxtaGK0Qov14DwWkmf8uPDZYJyFB08wUdNyEinfQ=','aula','2016-04-26 09:52:21'::timestamp,'2016-04-26 10:44:17'::timestamp,'A-20-0-014','A-20-0-016'
'pB1GxtaGK0Qov14DwWkmf8uPDZYJyFB08wUdNyEinfQ=','ocp_io','2016-04-26 10:55:03'::timestamp,'2016-04-26 14:18:10'::timestamp,'A-132-0-058','A-132-0-089'
'AvpdeoI8TAR5BLdw+oRatGXlgpQ1W5ZH/dCC3Gqp5s8=','world','2016-04-25 16:33:37'::timestamp,'2016-04-26 08:35:01'::timestamp,'None','None'
'AvpdeoI8TAR5BLdw+oRatGXlgpQ1W5ZH/dCC3Gqp5s8=','tnw_tn','2016-04-25 08:45:04'::timestamp,'2016-04-25 16:33:37'::timestamp,'A-22-0-079','A-22-0-079'
'AvpdeoI8TAR5BLdw+oRatGXlgpQ1W5ZH/dCC3Gqp5s8=','tnw_tn','2016-04-26 08:35:01'::timestamp,'2016-04-26 08:50:08'::timestamp,'A-22-0-079','A-22-0-079'
'NH3C//jQ5kwGcxgAXYbE9BiGCMsm4ut6lS50unFD4Lk=','aula','2016-04-25 10:47:30'::timestamp,'2016-04-25 12:32:27'::timestamp,'A-20-0-016','A-20-0-016'
't4sT8QhsuVtLip8uA2ss58zEA6AKO7sGFybrASaaKZs=','world','2016-04-25 15:41:02'::timestamp,'2016-04-25 21:22:38'::timestamp,'None','None'
't4sT8QhsuVtLip8uA2ss58zEA6AKO7sGFybrASaaKZs=','btud','2016-04-25 12:53:21'::timestamp,'2016-04-25 15:41:02'::timestamp,'A-21-0-046','A-21-0-048'
't4sT8QhsuVtLip8uA2ss58zEA6AKO7sGFybrASaaKZs=','world','2016-04-25 23:36:38'::timestamp,'2016-04-26 00:48:22'::timestamp,'None','None'
't4sT8QhsuVtLip8uA2ss58zEA6AKO7sGFybrASaaKZs=','sportcentrum','2016-04-25 21:27:39'::timestamp,'2016-04-25 23:36:38'::timestamp,'A-37-0-003','A-37-0-001'
't4sT8QhsuVtLip8uA2ss58zEA6AKO7sGFybrASaaKZs=','sportcentrum','2016-04-26 00:48:22'::timestamp,'2016-04-26 01:18:23'::timestamp,'A-37-0-001','A-37-0-001'
'eX0yOF0yOvt+j3RLX6L+d7S2IGlEwALpum0GuQ5gw88=','citg','2016-04-25 13:56:08'::timestamp,'2016-04-25 15:15:36'::timestamp,'A-23-0-007','A-23-0-007'
'eX0yOF0yOvt+j3RLX6L+d7S2IGlEwALpum0GuQ5gw88=','tnw_rid','2016-04-25 15:57:18'::timestamp,'2016-04-25 17:30:24'::timestamp,'A-50-0-024','A-50-0-024'
'eX0yOF0yOvt+j3RLX6L+d7S2IGlEwALpum0GuQ5gw88=','tnw_dct','2016-04-25 17:56:01'::timestamp,'2016-04-25 18:11:14'::timestamp,'A-12-0-021','A-12-0-021'
'eX0yOF0yOvt+j3RLX6L+d7S2IGlEwALpum0GuQ5gw88=','world','2016-04-25 18:21:14'::timestamp,'2016-04-26 09:05:41'::timestamp,'None','None'
'eX0yOF0yOvt+j3RLX6L+d7S2IGlEwALpum0GuQ5gw88=','tnw_dct','2016-04-26 09:05:41'::timestamp,'2016-04-26 09:36:39'::timestamp,'A-12-0-047','A-12-0-051'
'eX0yOF0yOvt+j3RLX6L+d7S2IGlEwALpum0GuQ5gw88=','tnw_dct','2016-04-26 10:02:46'::timestamp,'2016-04-26 12:08:16'::timestamp,'A-12-0-019','A-12-0-019'
'eX0yOF0yOvt+j3RLX6L+d7S2IGlEwALpum0GuQ5gw88=','tnw_dct','2016-04-26 12:49:00'::timestamp,'2016-04-26 14:49:58'::timestamp,'A-12-0-016','A-12-0-019'
'3i5g4duKZXRsc41GbZttoOb2ZhZBv7BDq64pk5SehCM=','bk_city','2016-04-26 11:31:46'::timestamp,'2016-04-26 13:25:37'::timestamp,'A-08-D-203','A-08-B-201'
'3i5g4duKZXRsc41GbZttoOb2ZhZBv7BDq64pk5SehCM=','bk_city','2016-04-26 13:51:41'::timestamp,'2016-04-26 14:50:14'::timestamp,'A-08-B-201','A-08-B-202'
'9Pn9nc/yvt6C2onS2e5yoagEaGzvG8g2VS5nm6S4LRI=','citg','2016-04-26 17:05:53'::timestamp,'2016-04-26 17:36:47'::timestamp,'A-23-0-031','A-23-0-031'
'KS1pjxFosmheKfHb4UdL054d+gO9Jdyxvc+1Wah+Lh8=','ocp_io','2016-04-26 10:55:03'::timestamp,'2016-04-26 12:54:19'::timestamp,'A-132-0-086','A-132-0-086'
'KS1pjxFosmheKfHb4UdL054d+gO9Jdyxvc+1Wah+Lh8=','ocp_io','2016-04-26 13:46:22'::timestamp,'2016-04-26 15:37:49'::timestamp,'A-132-0-060','A-132-0-060'
'4gm2M4YznMpR/A3gzGBihoo2hhVkfnuqQwuobu5Wqq4=','ocp_io','2016-04-25 10:52:43'::timestamp,'2016-04-25 11:39:46'::timestamp,'A-132-0-135','A-132-0-135'
'XK1SGWRs3cCyqwz6LK3c6FHhU/1j3Ki3GyZahLjIWyw=','ogz','2016-04-26 09:05:41'::timestamp,'2016-04-26 13:25:38'::timestamp,'A-66-0-046','A-66-0-004'
'XK1SGWRs3cCyqwz6LK3c6FHhU/1j3Ki3GyZahLjIWyw=','world','2016-04-26 15:58:38'::timestamp,'2016-04-26 18:27:33'::timestamp,'None','None'
'XK1SGWRs3cCyqwz6LK3c6FHhU/1j3Ki3GyZahLjIWyw=','lr','2016-04-26 13:25:51'::timestamp,'2016-04-26 15:58:38'::timestamp,'A-62-0-025','A-62-0-081'
'XK1SGWRs3cCyqwz6LK3c6FHhU/1j3Ki3GyZahLjIWyw=','world','2016-04-26 18:32:33'::timestamp,'2016-04-26 20:13:20'::timestamp,'None','None'
'vsKqG4IT57qGHH0LsraM9Omq5P2jRcpHodaHyDaYpiM=','ogz','2016-04-26 08:50:13'::timestamp,'2016-04-26 12:13:46'::timestamp,'A-66-0-012','A-66-0-023'
'bXSodjF+vrEi7PRRdong6ErJNbjxaj+alg0IuoWqSBY=','citg','2016-04-25 11:55:30'::timestamp,'2016-04-25 12:21:39'::timestamp,'A-23-0-066','A-23-0-066'
'LD8Z0IQPuQd8KhbQhTGsuohEOQ9Uh7VDRMvbytuj30k=','ocp_io','2016-04-26 11:47:32'::timestamp,'2016-04-26 12:48:47'::timestamp,'A-132-0-044','A-132-0-044'
'LD8Z0IQPuQd8KhbQhTGsuohEOQ9Uh7VDRMvbytuj30k=','world','2016-04-26 13:46:06'::timestamp,'2016-04-26 15:06:08'::timestamp,'None','None'
'LD8Z0IQPuQd8KhbQhTGsuohEOQ9Uh7VDRMvbytuj30k=','ocp_io','2016-04-26 13:20:38'::timestamp,'2016-04-26 13:46:06'::timestamp,'A-132-0-044','A-132-0-044'
'LD8Z0IQPuQd8KhbQhTGsuohEOQ9Uh7VDRMvbytuj30k=','ocp_io','2016-04-26 15:06:08'::timestamp,'2016-04-26 15:48:23'::timestamp,'A-132-0-046','A-132-0-095'
'1czmUiOb3J/+Vv3JXNuQjIu5H0rG2lECdjC24fdLz80=','world','2016-04-25 14:11:42'::timestamp,'2016-04-26 09:10:50'::timestamp,'None','None'
'1czmUiOb3J/+Vv3JXNuQjIu5H0rG2lECdjC24fdLz80=','bk_city','2016-04-25 13:29:54'::timestamp,'2016-04-25 14:11:42'::timestamp,'A-08-D-202','A-08-D-202'
'1czmUiOb3J/+Vv3JXNuQjIu5H0rG2lECdjC24fdLz80=','bk_city','2016-04-26 09:10:50'::timestamp,'2016-04-26 10:44:16'::timestamp,'A-08-D-202','A-08-D-202'
'1czmUiOb3J/+Vv3JXNuQjIu5H0rG2lECdjC24fdLz80=','bk_city','2016-04-26 11:15:59'::timestamp,'2016-04-26 11:52:32'::timestamp,'A-08-D-202','A-08-D-202'
'La3ldoOr1DZmoCOoutK55XZsGj7jJ61a/otRAZcHtWE=','ogz','2016-04-26 09:21:19'::timestamp,'2016-04-26 10:49:48'::timestamp,'A-66-0-021','A-66-0-012'
'UHI5F/vrZxXtDepIyQMye5MOcGMJPDX2hhRLrEZ80FU=','cultureel_centrum','2016-04-26 20:03:17'::timestamp,'2016-04-26 21:08:34'::timestamp,'A-38-0-022','A-38-0-022'
'k2unz/FuU0tHa4If2uw19NgHdPPgjj45uaDUOu9jtO0=','btud','2016-04-25 08:45:04'::timestamp,'2016-04-25 12:26:53'::timestamp,'A-21-0-062','A-21-0-026'
'k2unz/FuU0tHa4If2uw19NgHdPPgjj45uaDUOu9jtO0=','world','2016-04-25 15:41:02'::timestamp,'2016-04-26 08:55:19'::timestamp,'None','None'
'k2unz/FuU0tHa4If2uw19NgHdPPgjj45uaDUOu9jtO0=','citg','2016-04-25 12:37:41'::timestamp,'2016-04-25 15:41:02'::timestamp,'A-23-0-068','A-23-0-093'
'k2unz/FuU0tHa4If2uw19NgHdPPgjj45uaDUOu9jtO0=','citg','2016-04-26 08:55:19'::timestamp,'2016-04-26 12:13:34'::timestamp,'A-23-0-094','A-23-0-036'
'k2unz/FuU0tHa4If2uw19NgHdPPgjj45uaDUOu9jtO0=','btud','2016-04-26 12:49:00'::timestamp,'2016-04-26 17:11:03'::timestamp,'A-21-0-026','A-21-0-026'
'1Vib+Eoyi0iWAJui8cDUDuJQV7V+Hq68B4s6t9zM3wY=','ogz','2016-04-26 13:31:06'::timestamp,'2016-04-26 14:29:05'::timestamp,'A-66-0-019','A-66-0-004'
'YyKWIEJbJkWh7Y3RseByx5LhdtHHg+jtl+23SNc1kgY=','aula','2016-04-25 11:18:51'::timestamp,'2016-04-25 11:50:00'::timestamp,'A-20-0-015','A-20-0-016'
'YyKWIEJbJkWh7Y3RseByx5LhdtHHg+jtl+23SNc1kgY=','world','2016-04-25 12:32:06'::timestamp,'2016-04-26 10:55:03'::timestamp,'None','None'
'YyKWIEJbJkWh7Y3RseByx5LhdtHHg+jtl+23SNc1kgY=','aula','2016-04-25 12:16:39'::timestamp,'2016-04-25 12:32:06'::timestamp,'A-20-0-011','A-20-0-011'
'YyKWIEJbJkWh7Y3RseByx5LhdtHHg+jtl+23SNc1kgY=','world','2016-04-26 12:03:01'::timestamp,'2016-04-26 13:25:51'::timestamp,'None','None'
'YyKWIEJbJkWh7Y3RseByx5LhdtHHg+jtl+23SNc1kgY=','ocp_io','2016-04-26 10:55:03'::timestamp,'2016-04-26 12:03:01'::timestamp,'A-132-0-058','A-132-0-059'
'YyKWIEJbJkWh7Y3RseByx5LhdtHHg+jtl+23SNc1kgY=','ocp_io','2016-04-26 13:25:51'::timestamp,'2016-04-26 13:56:42'::timestamp,'A-132-0-053','A-132-0-053'
'e/deerIS4+Q0uwWk+R0RLe+ylG+73EotFSfkqe4Qw2w=','aula','2016-04-26 10:18:22'::timestamp,'2016-04-26 15:43:04'::timestamp,'A-20-0-030','A-20-0-018'
'e/deerIS4+Q0uwWk+R0RLe+ylG+73EotFSfkqe4Qw2w=','tnw_tn','2016-04-26 15:43:05'::timestamp,'2016-04-26 16:50:30'::timestamp,'A-22-0-065','A-22-0-065'
'EOsNEK0lODum2vgMrtwbfFU2qlXzdjQFiigB42LycPc=','world','2016-04-25 12:06:03'::timestamp,'2016-04-25 13:14:14'::timestamp,'None','None'
'EOsNEK0lODum2vgMrtwbfFU2qlXzdjQFiigB42LycPc=','world','2016-04-25 13:24:41'::timestamp,'2016-04-25 14:38:50'::timestamp,'None','None'
'EOsNEK0lODum2vgMrtwbfFU2qlXzdjQFiigB42LycPc=','citg','2016-04-25 14:38:50'::timestamp,'2016-04-25 15:10:35'::timestamp,'A-23-0-016','A-23-0-016'
'EOsNEK0lODum2vgMrtwbfFU2qlXzdjQFiigB42LycPc=','citg','2016-04-25 15:41:28'::timestamp,'2016-04-25 17:30:31'::timestamp,'A-23-0-022','A-23-0-021'
'EOsNEK0lODum2vgMrtwbfFU2qlXzdjQFiigB42LycPc=','world','2016-04-25 18:11:09'::timestamp,'2016-04-26 12:49:00'::timestamp,'None','None'
'EOsNEK0lODum2vgMrtwbfFU2qlXzdjQFiigB42LycPc=','citg','2016-04-25 17:50:56'::timestamp,'2016-04-25 18:11:09'::timestamp,'A-23-0-027','A-23-0-030'
'EOsNEK0lODum2vgMrtwbfFU2qlXzdjQFiigB42LycPc=','citg','2016-04-26 12:49:00'::timestamp,'2016-04-26 16:50:29'::timestamp,'A-23-0-044','A-23-0-027'
'9+5twU3KR43U1qda5nSlLpGCUAUYclxvzQtpaT9/Izw=','world','2016-04-25 18:01:01'::timestamp,'2016-04-26 08:09:50'::timestamp,'None','None'
'9+5twU3KR43U1qda5nSlLpGCUAUYclxvzQtpaT9/Izw=','aula','2016-04-25 08:40:00'::timestamp,'2016-04-25 18:01:01'::timestamp,'A-20-0-032','A-20-0-044'
'9+5twU3KR43U1qda5nSlLpGCUAUYclxvzQtpaT9/Izw=','aula','2016-04-26 08:09:50'::timestamp,'2016-04-26 18:47:46'::timestamp,'A-20-0-034','A-20-0-034'
'BhrEqrwug1HDch6jhjqIirg+EDcAnFB2W6MA05ytLC0=','world','2016-04-25 15:51:46'::timestamp,'2016-04-25 19:11:50'::timestamp,'None','None'
'BhrEqrwug1HDch6jhjqIirg+EDcAnFB2W6MA05ytLC0=','world','2016-04-25 19:21:52'::timestamp,'2016-04-25 20:47:27'::timestamp,'None','None'
'BMeca08NZDhfPKhd+Ufh0H7pFzH9qd0hhuKXxR5SBVQ=','hsl','2016-04-25 14:44:04'::timestamp,'2016-04-25 15:10:20'::timestamp,'A-64-0-074','A-64-0-074'
'NnKrdOBIKckxCdflaHkJpHie4z14dR1fJ2hcWbd89Hg=','world','2016-04-25 18:21:14'::timestamp,'2016-04-26 09:00:31'::timestamp,'None','None'
'NnKrdOBIKckxCdflaHkJpHie4z14dR1fJ2hcWbd89Hg=','ocp_io','2016-04-25 09:36:29'::timestamp,'2016-04-25 18:21:14'::timestamp,'A-132-0-067','A-132-0-067'
'NnKrdOBIKckxCdflaHkJpHie4z14dR1fJ2hcWbd89Hg=','world','2016-04-26 14:07:15'::timestamp,'2016-04-26 16:40:08'::timestamp,'None','None'
'NnKrdOBIKckxCdflaHkJpHie4z14dR1fJ2hcWbd89Hg=','ocp_io','2016-04-26 09:05:41'::timestamp,'2016-04-26 14:07:15'::timestamp,'A-132-0-068','A-132-0-090'
'NnKrdOBIKckxCdflaHkJpHie4z14dR1fJ2hcWbd89Hg=','ocp_io','2016-04-26 16:40:08'::timestamp,'2016-04-26 18:27:32'::timestamp,'A-132-0-068','A-132-0-062'
'knzn31DiBuf7Q+EUSK/yOjfzE1Ya8WUUV4RvsN1jbgw=','btud','2016-04-26 09:10:50'::timestamp,'2016-04-26 10:33:45'::timestamp,'A-21-0-013','A-21-0-013'
'NEggRxV8FnCG81Q/fe0UM7yM6E09D0RxIf3KPUf6POk=','world','2016-04-25 17:40:45'::timestamp,'2016-04-26 10:23:33'::timestamp,'None','None'
'NEggRxV8FnCG81Q/fe0UM7yM6E09D0RxIf3KPUf6POk=','lr','2016-04-25 09:41:43'::timestamp,'2016-04-25 17:40:45'::timestamp,'A-62-0-082','A-62-0-024'
'NEggRxV8FnCG81Q/fe0UM7yM6E09D0RxIf3KPUf6POk=','lr','2016-04-26 10:23:33'::timestamp,'2016-04-26 12:48:47'::timestamp,'A-62-0-034','A-62-0-034'
'NEggRxV8FnCG81Q/fe0UM7yM6E09D0RxIf3KPUf6POk=','lr','2016-04-26 13:46:22'::timestamp,'2016-04-26 14:23:10'::timestamp,'A-62-0-018','A-62-0-014'
'NEggRxV8FnCG81Q/fe0UM7yM6E09D0RxIf3KPUf6POk=','lr','2016-04-26 14:44:58'::timestamp,'2016-04-26 16:45:18'::timestamp,'A-62-0-014','A-62-0-026'
'4RVmh69sQ9wTCwPv54VpfAc6BKZGicW1YyYBy/8iqK4=','world','2016-04-26 10:54:49'::timestamp,'2016-04-26 12:59:45'::timestamp,'None','None'
'4RVmh69sQ9wTCwPv54VpfAc6BKZGicW1YyYBy/8iqK4=','ocp_io','2016-04-26 10:02:46'::timestamp,'2016-04-26 10:54:49'::timestamp,'A-132-0-024','A-132-0-024'
'4RVmh69sQ9wTCwPv54VpfAc6BKZGicW1YyYBy/8iqK4=','world','2016-04-26 13:04:45'::timestamp,'2016-04-26 15:37:49'::timestamp,'None','None'
'4RVmh69sQ9wTCwPv54VpfAc6BKZGicW1YyYBy/8iqK4=','ocp_io','2016-04-26 15:37:49'::timestamp,'2016-04-26 17:00:30'::timestamp,'A-132-0-130','A-132-0-118'
'p93MqrsjHSQBfKNPoHUDooUze2q5u5f1AzKCYk8712U=','ewi_hb','2016-04-25 10:32:16'::timestamp,'2016-04-25 12:32:26'::timestamp,'A-36-0-029','A-36-0-028'
'vUTjtSv0rVOdiEEowfxhlUwmneA0IbGOW67bbktqnMs=','world','2016-04-25 16:59:34'::timestamp,'2016-04-26 10:55:03'::timestamp,'None','None'
'vUTjtSv0rVOdiEEowfxhlUwmneA0IbGOW67bbktqnMs=','ocp_io','2016-04-25 10:47:30'::timestamp,'2016-04-25 16:59:34'::timestamp,'A-132-0-081','A-132-0-004'
'B/WkR9S3rkM+N0UFs7BntTAInGBlYdhLiXIlvSqH+Do=','tnw_tn','2016-04-25 08:45:04'::timestamp,'2016-04-25 11:23:51'::timestamp,'A-22-0-016','A-22-0-026'
'B/WkR9S3rkM+N0UFs7BntTAInGBlYdhLiXIlvSqH+Do=','world','2016-04-25 14:54:18'::timestamp,'2016-04-26 08:55:19'::timestamp,'None','None'
'B/WkR9S3rkM+N0UFs7BntTAInGBlYdhLiXIlvSqH+Do=','tnw_tn','2016-04-25 11:55:30'::timestamp,'2016-04-25 14:54:18'::timestamp,'A-22-0-026','A-22-0-016'
'B/WkR9S3rkM+N0UFs7BntTAInGBlYdhLiXIlvSqH+Do=','tnw_tn','2016-04-26 08:55:19'::timestamp,'2016-04-26 10:18:11'::timestamp,'A-22-0-016','A-22-0-016'
'B/WkR9S3rkM+N0UFs7BntTAInGBlYdhLiXIlvSqH+Do=','tnw_tn','2016-04-26 10:44:30'::timestamp,'2016-04-26 17:00:41'::timestamp,'A-22-0-016','A-22-0-108'
'2Wv65vKPafPInAO+2PL56fldj8Tp05cnACCQg/EdOUg=','world','2016-04-25 08:34:53'::timestamp,'2016-04-25 12:37:41'::timestamp,'None','None'
'2Wv65vKPafPInAO+2PL56fldj8Tp05cnACCQg/EdOUg=','world','2016-04-25 12:53:21'::timestamp,'2016-04-26 13:31:06'::timestamp,'None','None'
'2Wv65vKPafPInAO+2PL56fldj8Tp05cnACCQg/EdOUg=','ocp_me','2016-04-25 12:37:41'::timestamp,'2016-04-25 12:53:21'::timestamp,'A-134-0-034','A-134-0-035'
'2Wv65vKPafPInAO+2PL56fldj8Tp05cnACCQg/EdOUg=','world','2016-04-26 13:46:21'::timestamp,'2016-04-26 15:37:49'::timestamp,'None','None'
'2Wv65vKPafPInAO+2PL56fldj8Tp05cnACCQg/EdOUg=','ocp_io','2016-04-26 13:31:06'::timestamp,'2016-04-26 13:46:21'::timestamp,'A-132-0-124','A-132-0-124'
'Ronv6imA55yR2JVowYmdU5jcXOybgM9YHZOfBbjhrz8=','cultureel_centrum','2016-04-26 15:53:38'::timestamp,'2016-04-26 17:05:53'::timestamp,'A-38-0-009','A-38-0-019'
'hTHVDLSAVk7Uyk9jhq6v6GrLiWdmVVi4gcT1yBuUxSM=','ocp_io','2016-04-25 09:10:43'::timestamp,'2016-04-25 10:47:16'::timestamp,'A-132-0-093','A-132-0-042'
'hTHVDLSAVk7Uyk9jhq6v6GrLiWdmVVi4gcT1yBuUxSM=','ocp_io','2016-04-25 11:55:30'::timestamp,'2016-04-25 14:11:57'::timestamp,'A-132-0-091','A-132-0-091'
'hTHVDLSAVk7Uyk9jhq6v6GrLiWdmVVi4gcT1yBuUxSM=','ocp_io','2016-04-25 14:44:04'::timestamp,'2016-04-25 18:11:09'::timestamp,'A-132-0-111','A-132-0-042'
'LvurFxHBc7KhU3PrT5yG+IkwWO193BngSB/GqiweBGw=','world','2016-04-25 14:06:25'::timestamp,'2016-04-25 16:23:21'::timestamp,'None','None'
'LvurFxHBc7KhU3PrT5yG+IkwWO193BngSB/GqiweBGw=','o_s','2016-04-25 13:29:54'::timestamp,'2016-04-25 14:06:25'::timestamp,'A-30-0-041','A-30-0-042'
'LvurFxHBc7KhU3PrT5yG+IkwWO193BngSB/GqiweBGw=','world','2016-04-25 16:28:37'::timestamp,'2016-04-26 09:05:41'::timestamp,'None','None'
'LvurFxHBc7KhU3PrT5yG+IkwWO193BngSB/GqiweBGw=','o_s','2016-04-26 09:05:41'::timestamp,'2016-04-26 10:07:49'::timestamp,'A-30-0-034','A-30-0-034'
'uJc7buKhqAjEkH+bEa9XcNtbjMEy2E9ABirRFDurpBI=','ogz','2016-04-25 13:45:39'::timestamp,'2016-04-25 14:11:42'::timestamp,'A-66-0-022','A-66-0-022'
'JQlrOOMOAk2PNk21oPzE8l8zcaKIn6h6YswEb6pO8V4=','bk_city','2016-04-25 13:45:39'::timestamp,'2016-04-25 16:13:00'::timestamp,'A-08-B-102','A-08-E-004'
'JQlrOOMOAk2PNk21oPzE8l8zcaKIn6h6YswEb6pO8V4=','world','2016-04-25 16:18:01'::timestamp,'2016-04-26 09:41:59'::timestamp,'None','None'
'JQlrOOMOAk2PNk21oPzE8l8zcaKIn6h6YswEb6pO8V4=','bk_city','2016-04-26 09:41:59'::timestamp,'2016-04-26 09:57:24'::timestamp,'A-08-J-008','A-08-J-008'
'Y5tI5+7x0a+eWMBUw5y1hi07fWjnVxeJv0oj/2JkOgg=','citg','2016-04-26 10:28:45'::timestamp,'2016-04-26 12:48:47'::timestamp,'A-23-0-061','A-23-0-010'
'Y5tI5+7x0a+eWMBUw5y1hi07fWjnVxeJv0oj/2JkOgg=','world','2016-04-26 13:46:21'::timestamp,'2016-04-26 15:43:05'::timestamp,'None','None'
'Y5tI5+7x0a+eWMBUw5y1hi07fWjnVxeJv0oj/2JkOgg=','ewi_lb','2016-04-26 13:31:06'::timestamp,'2016-04-26 13:46:21'::timestamp,'A-36-0-137','A-36-0-137'
'FbgutyMhc7MjJ5R8r7SEBDachusGK+LXPGcTSN5jeN0=','world','2016-04-25 19:47:02'::timestamp,'2016-04-26 10:08:00'::timestamp,'None','None'
'FbgutyMhc7MjJ5R8r7SEBDachusGK+LXPGcTSN5jeN0=','tbm','2016-04-25 10:21:53'::timestamp,'2016-04-25 19:47:02'::timestamp,'A-31-0-043','A-31-0-043'
'FbgutyMhc7MjJ5R8r7SEBDachusGK+LXPGcTSN5jeN0=','tbm','2016-04-26 10:08:00'::timestamp,'2016-04-26 15:21:43'::timestamp,'A-31-0-043','A-31-0-043'
'0d3Y42TuKxvH/hhFXX4Fgt1ifpw3rncXVhT12JZE9yo=','bk_city','2016-04-25 10:21:53'::timestamp,'2016-04-25 13:19:13'::timestamp,'A-08-F-201','A-08-F-201'
'0d3Y42TuKxvH/hhFXX4Fgt1ifpw3rncXVhT12JZE9yo=','world','2016-04-25 19:06:44'::timestamp,'2016-04-26 07:54:22'::timestamp,'None','None'
'0d3Y42TuKxvH/hhFXX4Fgt1ifpw3rncXVhT12JZE9yo=','bk_city','2016-04-25 13:40:24'::timestamp,'2016-04-25 19:06:44'::timestamp,'A-08-F-201','A-08-F-201'
'0d3Y42TuKxvH/hhFXX4Fgt1ifpw3rncXVhT12JZE9yo=','bk_city','2016-04-26 07:54:22'::timestamp,'2016-04-26 11:15:45'::timestamp,'A-08-F-201','A-08-F-201'
'T5RJH3uKDS5c3EBfWd7TbfTQPccCg5WeA+OywnG/P9o=','drebbelweg','2016-04-25 15:46:46'::timestamp,'2016-04-25 17:20:10'::timestamp,'A-35-0-002','A-35-0-002'
'JFVonop+D62ZXI9YtUdpLlnUw4FA0XfKigbVLQljAsE=','aula','2016-04-25 10:47:30'::timestamp,'2016-04-25 12:32:07'::timestamp,'A-20-0-012','A-20-0-013'
'JFVonop+D62ZXI9YtUdpLlnUw4FA0XfKigbVLQljAsE=','ocp_io','2016-04-25 12:37:41'::timestamp,'2016-04-25 13:03:34'::timestamp,'A-132-0-036','A-132-0-062'
'JFVonop+D62ZXI9YtUdpLlnUw4FA0XfKigbVLQljAsE=','ocp_io','2016-04-25 13:24:41'::timestamp,'2016-04-25 13:40:11'::timestamp,'A-132-0-033','A-132-0-027'
'JFVonop+D62ZXI9YtUdpLlnUw4FA0XfKigbVLQljAsE=','world','2016-04-25 15:41:02'::timestamp,'2016-04-25 20:17:17'::timestamp,'None','None'
'JFVonop+D62ZXI9YtUdpLlnUw4FA0XfKigbVLQljAsE=','aula','2016-04-25 13:45:39'::timestamp,'2016-04-25 15:41:02'::timestamp,'A-20-0-016','A-20-0-016'
'JFVonop+D62ZXI9YtUdpLlnUw4FA0XfKigbVLQljAsE=','world','2016-04-25 22:07:49'::timestamp,'2016-04-26 10:49:49'::timestamp,'None','None'
'JFVonop+D62ZXI9YtUdpLlnUw4FA0XfKigbVLQljAsE=','btud','2016-04-25 20:17:17'::timestamp,'2016-04-25 22:07:49'::timestamp,'A-21-0-015','A-21-0-015'
'JFVonop+D62ZXI9YtUdpLlnUw4FA0XfKigbVLQljAsE=','ocp_io','2016-04-26 10:49:49'::timestamp,'2016-04-26 13:04:57'::timestamp,'A-132-0-060','A-132-0-088'
'Ovm8HzTV6FSHpVkw6Uw/TH8WnD9CXidCYYZPKAjVHrc=','world','2016-04-25 15:46:34'::timestamp,'2016-04-26 13:20:38'::timestamp,'None','None'
'Ovm8HzTV6FSHpVkw6Uw/TH8WnD9CXidCYYZPKAjVHrc=','ogz','2016-04-25 13:40:24'::timestamp,'2016-04-25 15:46:34'::timestamp,'A-66-0-041','A-66-0-058'
'Ovm8HzTV6FSHpVkw6Uw/TH8WnD9CXidCYYZPKAjVHrc=','lr','2016-04-26 13:46:22'::timestamp,'2016-04-26 15:48:23'::timestamp,'A-62-0-023','A-62-0-083'
'LlNO/60pidYVQkpLla+sVt/ICh/hSFmCia+9v4l7ccw=','tnw_dct','2016-04-26 18:02:13'::timestamp,'2016-04-26 18:22:28'::timestamp,'A-12-0-005','A-12-0-005'
'01XY7EVoGzLrKA+nQbHaUdR6nll2mEihxbNvT1mWgFM=','world','2016-04-25 08:45:03'::timestamp,'2016-04-25 10:21:53'::timestamp,'None','None'
'01XY7EVoGzLrKA+nQbHaUdR6nll2mEihxbNvT1mWgFM=','ewi_hb','2016-04-25 08:19:49'::timestamp,'2016-04-25 08:45:03'::timestamp,'A-36-0-024','A-36-0-024'
'01XY7EVoGzLrKA+nQbHaUdR6nll2mEihxbNvT1mWgFM=','world','2016-04-25 10:27:04'::timestamp,'2016-04-26 09:00:31'::timestamp,'None','None'
'01XY7EVoGzLrKA+nQbHaUdR6nll2mEihxbNvT1mWgFM=','ewi_hb','2016-04-26 09:00:31'::timestamp,'2016-04-26 09:21:18'::timestamp,'A-36-0-024','A-36-0-023'
'01XY7EVoGzLrKA+nQbHaUdR6nll2mEihxbNvT1mWgFM=','citg','2016-04-26 09:21:19'::timestamp,'2016-04-26 10:55:03'::timestamp,'A-23-0-069','A-23-0-073'
'01XY7EVoGzLrKA+nQbHaUdR6nll2mEihxbNvT1mWgFM=','aula','2016-04-26 11:00:17'::timestamp,'2016-04-26 11:26:30'::timestamp,'A-20-0-003','A-20-0-045'
'01XY7EVoGzLrKA+nQbHaUdR6nll2mEihxbNvT1mWgFM=','ocp_io','2016-04-26 11:58:01'::timestamp,'2016-04-26 12:49:00'::timestamp,'A-132-0-033','A-132-0-024'
'01XY7EVoGzLrKA+nQbHaUdR6nll2mEihxbNvT1mWgFM=','world','2016-04-26 15:53:24'::timestamp,'2016-04-26 17:36:47'::timestamp,'None','None'
'01XY7EVoGzLrKA+nQbHaUdR6nll2mEihxbNvT1mWgFM=','ewi_hb','2016-04-26 12:49:00'::timestamp,'2016-04-26 15:53:24'::timestamp,'A-36-0-027','A-36-0-033'
'01XY7EVoGzLrKA+nQbHaUdR6nll2mEihxbNvT1mWgFM=','drebbelweg','2016-04-26 18:02:13'::timestamp,'2016-04-26 18:22:26'::timestamp,'A-35-0-037','A-35-0-036'
'01XY7EVoGzLrKA+nQbHaUdR6nll2mEihxbNvT1mWgFM=','aula','2016-04-26 19:02:54'::timestamp,'2016-04-26 20:18:20'::timestamp,'A-20-0-003','A-20-0-005'
'kSKrYzXvbiSEQWXGijPyYl7ZX7nDWWrbrkut5RIN6Ag=','btud','2016-04-25 09:15:50'::timestamp,'2016-04-25 16:23:21'::timestamp,'A-21-0-058','A-21-0-016'
'29DF9uLrc0YsggA2Hn0Lqkf2heyHNlcZc+/sulcfmAU=','world','2016-04-25 17:35:32'::timestamp,'2016-04-26 13:20:38'::timestamp,'None','None'
'29DF9uLrc0YsggA2Hn0Lqkf2heyHNlcZc+/sulcfmAU=','tnw_dct','2016-04-25 09:00:23'::timestamp,'2016-04-25 17:35:32'::timestamp,'A-12-0-026','A-12-0-003'
'29DF9uLrc0YsggA2Hn0Lqkf2heyHNlcZc+/sulcfmAU=','tnw_dct','2016-04-26 13:20:38'::timestamp,'2016-04-26 17:36:46'::timestamp,'A-12-0-025','A-12-0-026'
'AIbg8BJ4bLPyl0bOFlFvpQz2xgI0CwaR1ckQ6Zw7w3M=','world','2016-04-25 10:52:30'::timestamp,'2016-04-25 17:04:54'::timestamp,'None','None'
'AIbg8BJ4bLPyl0bOFlFvpQz2xgI0CwaR1ckQ6Zw7w3M=','tnw_tn','2016-04-25 09:20:58'::timestamp,'2016-04-25 10:52:30'::timestamp,'A-22-0-025','A-22-0-025'
'AIbg8BJ4bLPyl0bOFlFvpQz2xgI0CwaR1ckQ6Zw7w3M=','tnw_tn','2016-04-25 17:04:54'::timestamp,'2016-04-25 17:25:25'::timestamp,'A-22-0-025','A-22-0-025'
'J0zSh/OuY0m0YOcKS48ryF4zKq0ljKFXMWOCK4BaqaA=','ocp_io','2016-04-25 12:32:27'::timestamp,'2016-04-25 13:40:24'::timestamp,'A-132-0-033','A-132-0-085'
'b6cPHjW8tq/KOtWhoiH03ClcE45Fp7wmdSaebYRjj2E=','ocp_me','2016-04-25 09:36:29'::timestamp,'2016-04-25 13:29:54'::timestamp,'A-134-0-048','A-134-0-046'
'b6cPHjW8tq/KOtWhoiH03ClcE45Fp7wmdSaebYRjj2E=','ocp_me','2016-04-25 13:56:08'::timestamp,'2016-04-25 18:01:04'::timestamp,'A-134-0-037','A-134-0-211'
'b6cPHjW8tq/KOtWhoiH03ClcE45Fp7wmdSaebYRjj2E=','world','2016-04-25 18:06:05'::timestamp,'2016-04-26 13:31:06'::timestamp,'None','None'
'b6cPHjW8tq/KOtWhoiH03ClcE45Fp7wmdSaebYRjj2E=','ocp_io','2016-04-26 13:31:06'::timestamp,'2016-04-26 15:43:04'::timestamp,'A-132-0-040','A-132-0-039'
'GQAQ+fdwUvmCBybCtCxNm2hveFj8+fOhXbxVW/cq+JM=','aula','2016-04-25 11:03:10'::timestamp,'2016-04-25 12:32:27'::timestamp,'A-20-0-015','A-20-0-016'
'GQAQ+fdwUvmCBybCtCxNm2hveFj8+fOhXbxVW/cq+JM=','ocp_io','2016-04-25 12:32:27'::timestamp,'2016-04-25 13:35:10'::timestamp,'A-132-0-134','A-132-0-086'
'GQAQ+fdwUvmCBybCtCxNm2hveFj8+fOhXbxVW/cq+JM=','world','2016-04-25 15:41:02'::timestamp,'2016-04-26 08:50:13'::timestamp,'None','None'
'GQAQ+fdwUvmCBybCtCxNm2hveFj8+fOhXbxVW/cq+JM=','aula','2016-04-25 13:45:39'::timestamp,'2016-04-25 15:41:02'::timestamp,'A-20-0-013','A-20-0-012'
'GQAQ+fdwUvmCBybCtCxNm2hveFj8+fOhXbxVW/cq+JM=','aula','2016-04-26 09:05:41'::timestamp,'2016-04-26 10:39:15'::timestamp,'A-20-0-015','A-20-0-014'
'GQAQ+fdwUvmCBybCtCxNm2hveFj8+fOhXbxVW/cq+JM=','ocp_io','2016-04-26 10:55:03'::timestamp,'2016-04-26 13:46:22'::timestamp,'A-132-0-036','A-132-0-086'
'apjJZ61HIgjadUjiZ+p3/deD4cIZzdTR4CUpLyaedro=','world','2016-04-25 21:47:43'::timestamp,'2016-04-26 08:50:13'::timestamp,'None','None'
'apjJZ61HIgjadUjiZ+p3/deD4cIZzdTR4CUpLyaedro=','aula','2016-04-25 17:56:01'::timestamp,'2016-04-25 21:47:43'::timestamp,'A-20-0-051','A-20-0-031'
'apjJZ61HIgjadUjiZ+p3/deD4cIZzdTR4CUpLyaedro=','citg','2016-04-26 08:50:13'::timestamp,'2016-04-26 12:48:47'::timestamp,'A-23-0-026','A-23-0-026'
'apjJZ61HIgjadUjiZ+p3/deD4cIZzdTR4CUpLyaedro=','world','2016-04-26 15:42:49'::timestamp,'2016-04-26 18:37:40'::timestamp,'None','None'
'apjJZ61HIgjadUjiZ+p3/deD4cIZzdTR4CUpLyaedro=','cultureel_centrum','2016-04-26 13:46:22'::timestamp,'2016-04-26 15:42:49'::timestamp,'A-38-0-007','A-38-0-018'
'apjJZ61HIgjadUjiZ+p3/deD4cIZzdTR4CUpLyaedro=','cultureel_centrum','2016-04-26 18:37:40'::timestamp,'2016-04-26 19:53:13'::timestamp,'A-38-0-003','A-38-0-003'
'+6LWGdMhPr56VrN8gwBSHSEMskze3P9x43E1MHOc1ao=','ocp_io','2016-04-25 10:52:43'::timestamp,'2016-04-25 14:06:25'::timestamp,'A-132-0-141','A-132-0-029'
'+6LWGdMhPr56VrN8gwBSHSEMskze3P9x43E1MHOc1ao=','ocp_io','2016-04-25 14:33:24'::timestamp,'2016-04-25 14:54:18'::timestamp,'A-132-0-030','A-132-0-030'
'+6LWGdMhPr56VrN8gwBSHSEMskze3P9x43E1MHOc1ao=','world','2016-04-25 18:51:39'::timestamp,'2016-04-26 09:26:28'::timestamp,'None','None'
'+6LWGdMhPr56VrN8gwBSHSEMskze3P9x43E1MHOc1ao=','ocp_io','2016-04-25 15:15:50'::timestamp,'2016-04-25 18:51:39'::timestamp,'A-132-0-030','A-132-0-030'
'+6LWGdMhPr56VrN8gwBSHSEMskze3P9x43E1MHOc1ao=','ocp_io','2016-04-26 09:26:28'::timestamp,'2016-04-26 10:39:04'::timestamp,'A-132-0-056','A-132-0-056'
'+6LWGdMhPr56VrN8gwBSHSEMskze3P9x43E1MHOc1ao=','ocp_io','2016-04-26 11:05:31'::timestamp,'2016-04-26 17:05:42'::timestamp,'A-132-0-056','A-132-0-001'
'+6LWGdMhPr56VrN8gwBSHSEMskze3P9x43E1MHOc1ao=','ocp_io','2016-04-26 17:31:39'::timestamp,'2016-04-26 18:22:28'::timestamp,'A-132-0-001','A-132-0-056'
'pJ7252zA9dYWfcq0jv+3M0f3PYbXXlz+Tvc+Yp9SBWs=','citg','2016-04-25 13:03:48'::timestamp,'2016-04-25 17:35:38'::timestamp,'A-23-0-044','A-23-0-073'
'qmC9ObVgYb9lktvEe+BOxuTKFCWT+pTx9YZ1CK3W0n4=','tbm','2016-04-26 10:49:49'::timestamp,'2016-04-26 14:50:14'::timestamp,'A-31-0-038','A-31-0-039'
'qmC9ObVgYb9lktvEe+BOxuTKFCWT+pTx9YZ1CK3W0n4=','citg','2016-04-26 14:50:14'::timestamp,'2016-04-26 16:40:07'::timestamp,'A-23-0-082','A-23-0-001'
'qmC9ObVgYb9lktvEe+BOxuTKFCWT+pTx9YZ1CK3W0n4=','tbm','2016-04-26 16:45:18'::timestamp,'2016-04-26 20:58:32'::timestamp,'A-31-0-038','A-31-0-058'
'e3paO/vl6p8ZkTe8U3/7SvdQUaXJIC1NqxDX1Ptqf1Q=','btud','2016-04-25 20:02:11'::timestamp,'2016-04-25 20:57:29'::timestamp,'A-21-0-002','A-21-0-002'
'Xw+zVF2/zL7Sn5A/KgdunE7KqIYOgjN0MbvjoLUeCrs=','citg','2016-04-25 09:26:12'::timestamp,'2016-04-25 11:34:18'::timestamp,'A-23-0-035','A-23-0-035'
'Xw+zVF2/zL7Sn5A/KgdunE7KqIYOgjN0MbvjoLUeCrs=','citg','2016-04-25 12:16:39'::timestamp,'2016-04-25 13:50:39'::timestamp,'A-23-0-035','A-23-0-035'
'Xw+zVF2/zL7Sn5A/KgdunE7KqIYOgjN0MbvjoLUeCrs=','citg','2016-04-25 14:44:04'::timestamp,'2016-04-25 15:41:02'::timestamp,'A-23-0-035','A-23-0-035'
'Xw+zVF2/zL7Sn5A/KgdunE7KqIYOgjN0MbvjoLUeCrs=','citg','2016-04-25 16:13:01'::timestamp,'2016-04-25 17:55:56'::timestamp,'A-23-0-035','A-23-0-004'
'Xw+zVF2/zL7Sn5A/KgdunE7KqIYOgjN0MbvjoLUeCrs=','world','2016-04-25 18:01:01'::timestamp,'2016-04-26 08:35:01'::timestamp,'None','None'
'Xw+zVF2/zL7Sn5A/KgdunE7KqIYOgjN0MbvjoLUeCrs=','citg','2016-04-26 08:35:01'::timestamp,'2016-04-26 09:57:24'::timestamp,'A-23-0-079','A-23-0-035'
'Xw+zVF2/zL7Sn5A/KgdunE7KqIYOgjN0MbvjoLUeCrs=','citg','2016-04-26 10:28:45'::timestamp,'2016-04-26 12:08:16'::timestamp,'A-23-0-035','A-23-0-035'
'Xw+zVF2/zL7Sn5A/KgdunE7KqIYOgjN0MbvjoLUeCrs=','citg','2016-04-26 12:49:00'::timestamp,'2016-04-26 18:17:23'::timestamp,'A-23-0-044','A-23-0-029'
'J6pKXM/p9w0X2gysI6Dr4LNAMkx+DthhWGTH6ER0gD0=','ocp_io','2016-04-25 12:32:27'::timestamp,'2016-04-25 13:29:54'::timestamp,'A-132-0-134','A-132-0-018'
'4XuXsHSvivSqhw4ZTJSCGPAA4PPT8bpFZjT1/WaBX+8=','cultureel_centrum','2016-04-25 08:24:51'::timestamp,'2016-04-25 15:05:03'::timestamp,'A-38-0-015','A-38-0-022'
'n6PuNkfCxhbHzxqT7awNZT8oNbLuRGViMLU4OQTYw8Y=','world','2016-04-25 17:50:51'::timestamp,'2016-04-26 10:33:57'::timestamp,'None','None'
'n6PuNkfCxhbHzxqT7awNZT8oNbLuRGViMLU4OQTYw8Y=','ewi_lb','2016-04-25 10:21:53'::timestamp,'2016-04-25 17:50:51'::timestamp,'A-36-0-116','A-36-0-115'
'n6PuNkfCxhbHzxqT7awNZT8oNbLuRGViMLU4OQTYw8Y=','ewi_lb','2016-04-26 10:33:57'::timestamp,'2016-04-26 13:30:50'::timestamp,'A-36-0-116','A-36-0-116'
'n6PuNkfCxhbHzxqT7awNZT8oNbLuRGViMLU4OQTYw8Y=','ewi_lb','2016-04-26 13:51:41'::timestamp,'2016-04-26 17:41:46'::timestamp,'A-36-0-116','A-36-0-116'
'GXz7vkIDYn/enqf3wagSIuJMDcmXinW5tSgMG4OLMXg=','drebbelweg','2016-04-26 08:45:08'::timestamp,'2016-04-26 12:48:47'::timestamp,'A-35-0-001','A-35-0-001'
'GxbSaFaK8Jr4oeyRZQ0iW0KXVdNnO59MXG9+RCaViDI=','tnw_dct','2016-04-26 08:45:08'::timestamp,'2016-04-26 09:05:34'::timestamp,'A-12-0-046','A-12-0-046'
'fhYL/I/NBphG5KA8Lq9UheGvJYxgvZANJ46K7hblyrU=','world','2016-04-25 13:03:34'::timestamp,'2016-04-26 12:49:00'::timestamp,'None','None'
'fhYL/I/NBphG5KA8Lq9UheGvJYxgvZANJ46K7hblyrU=','ewi_hb','2016-04-25 12:11:20'::timestamp,'2016-04-25 13:03:34'::timestamp,'A-36-0-024','A-36-0-024'
'fhYL/I/NBphG5KA8Lq9UheGvJYxgvZANJ46K7hblyrU=','ewi_hb','2016-04-26 12:49:00'::timestamp,'2016-04-26 13:46:05'::timestamp,'A-36-0-023','A-36-0-027'
'Eo6PEkLmtFQ+lMTIb4y41H+3NMvsU2lE8Ian2S9d7pY=','ocp_io','2016-04-26 08:14:52'::timestamp,'2016-04-26 14:17:55'::timestamp,'A-132-0-112','A-132-0-009'
'Eo6PEkLmtFQ+lMTIb4y41H+3NMvsU2lE8Ian2S9d7pY=','ocp_io','2016-04-26 14:39:38'::timestamp,'2016-04-26 17:05:53'::timestamp,'A-132-0-056','A-132-0-056'
'6fT/HA1RRKCwJgeifyU83S6wQ1550Up32IZDkVdo4mA=','drebbelweg','2016-04-26 09:41:59'::timestamp,'2016-04-26 12:48:47'::timestamp,'A-35-0-001','A-35-0-001'
'6fT/HA1RRKCwJgeifyU83S6wQ1550Up32IZDkVdo4mA=','ewi_hb','2016-04-26 12:49:00'::timestamp,'2016-04-26 13:31:06'::timestamp,'A-36-0-034','A-36-0-034'
'2WcPUb50gzaP4IjLHKXk9ihL0i5QFzOSvv4H7LPZkLQ=','ocp_io','2016-04-26 08:55:19'::timestamp,'2016-04-26 10:18:11'::timestamp,'A-132-0-062','A-132-0-033'
'2WcPUb50gzaP4IjLHKXk9ihL0i5QFzOSvv4H7LPZkLQ=','world','2016-04-26 11:42:02'::timestamp,'2016-04-26 12:49:00'::timestamp,'None','None'
'2WcPUb50gzaP4IjLHKXk9ihL0i5QFzOSvv4H7LPZkLQ=','ocp_io','2016-04-26 11:00:17'::timestamp,'2016-04-26 11:42:02'::timestamp,'A-132-0-062','A-132-0-062'
'2WcPUb50gzaP4IjLHKXk9ihL0i5QFzOSvv4H7LPZkLQ=','ocp_io','2016-04-26 12:49:00'::timestamp,'2016-04-26 14:23:10'::timestamp,'A-132-0-029','A-132-0-083'
'2WcPUb50gzaP4IjLHKXk9ihL0i5QFzOSvv4H7LPZkLQ=','ocp_io','2016-04-26 15:11:23'::timestamp,'2016-04-26 16:03:51'::timestamp,'A-132-0-031','A-132-0-040'
'2WcPUb50gzaP4IjLHKXk9ihL0i5QFzOSvv4H7LPZkLQ=','ocp_io','2016-04-26 16:24:28'::timestamp,'2016-04-26 19:02:53'::timestamp,'A-132-0-090','A-132-0-062'
'ffrL6fbi9n8NgJfQnUMlU9RVKjpORpWYfWrMp0i9qeQ=','bk_city','2016-04-25 09:10:43'::timestamp,'2016-04-25 10:57:44'::timestamp,'A-08-D-203','A-08-D-203'
'ffrL6fbi9n8NgJfQnUMlU9RVKjpORpWYfWrMp0i9qeQ=','world','2016-04-25 17:35:32'::timestamp,'2016-04-26 09:21:19'::timestamp,'None','None'
'ffrL6fbi9n8NgJfQnUMlU9RVKjpORpWYfWrMp0i9qeQ=','bk_city','2016-04-25 11:55:30'::timestamp,'2016-04-25 17:35:32'::timestamp,'A-08-D-203','A-08-D-202'
'ffrL6fbi9n8NgJfQnUMlU9RVKjpORpWYfWrMp0i9qeQ=','world','2016-04-26 09:31:30'::timestamp,'2016-04-26 10:39:16'::timestamp,'None','None'
'ffrL6fbi9n8NgJfQnUMlU9RVKjpORpWYfWrMp0i9qeQ=','bk_city','2016-04-26 10:39:16'::timestamp,'2016-04-26 11:36:46'::timestamp,'A-08-D-203','A-08-D-203'
'1hHNHJ3rY5Y5UwPnq+xoao2bSxKAjCGXMFy/zPs1CwU=','world','2016-04-25 13:08:48'::timestamp,'2016-04-25 16:33:47'::timestamp,'None','None'
'r4tMzBWvTgmnIny18D3nOlBcr+/Pwr6JRQatUL2jrUM=','world','2016-04-25 08:50:04'::timestamp,'2016-04-25 10:27:04'::timestamp,'None','None'
'r4tMzBWvTgmnIny18D3nOlBcr+/Pwr6JRQatUL2jrUM=','ewi_hb','2016-04-25 08:29:53'::timestamp,'2016-04-25 08:50:04'::timestamp,'A-36-0-042','A-36-0-028'
'r4tMzBWvTgmnIny18D3nOlBcr+/Pwr6JRQatUL2jrUM=','ewi_hb','2016-04-25 10:27:04'::timestamp,'2016-04-25 14:11:43'::timestamp,'A-36-0-028','A-36-0-042'
'r4tMzBWvTgmnIny18D3nOlBcr+/Pwr6JRQatUL2jrUM=','world','2016-04-25 16:33:37'::timestamp,'2016-04-26 09:05:41'::timestamp,'None','None'
'r4tMzBWvTgmnIny18D3nOlBcr+/Pwr6JRQatUL2jrUM=','ewi_hb','2016-04-25 15:00:03'::timestamp,'2016-04-25 16:33:37'::timestamp,'A-36-0-042','A-36-0-042'
'r4tMzBWvTgmnIny18D3nOlBcr+/Pwr6JRQatUL2jrUM=','world','2016-04-26 09:15:51'::timestamp,'2016-04-26 10:23:33'::timestamp,'None','None'
'r4tMzBWvTgmnIny18D3nOlBcr+/Pwr6JRQatUL2jrUM=','ewi_hb','2016-04-26 10:23:33'::timestamp,'2016-04-26 11:21:13'::timestamp,'A-36-0-042','A-36-0-042'
'r4tMzBWvTgmnIny18D3nOlBcr+/Pwr6JRQatUL2jrUM=','world','2016-04-26 13:25:37'::timestamp,'2016-04-26 15:37:49'::timestamp,'None','None'
'r4tMzBWvTgmnIny18D3nOlBcr+/Pwr6JRQatUL2jrUM=','ewi_hb','2016-04-26 12:13:47'::timestamp,'2016-04-26 13:25:37'::timestamp,'A-36-0-042','A-36-0-042'
'r4tMzBWvTgmnIny18D3nOlBcr+/Pwr6JRQatUL2jrUM=','ewi_hb','2016-04-26 15:37:49'::timestamp,'2016-04-26 15:53:23'::timestamp,'A-36-0-042','A-36-0-042'
'Nv9UO6oDHoJq494ljlldy8Ucd5Bg4Dg5OpMAftXy1i0=','world','2016-04-25 12:05:46'::timestamp,'2016-04-25 13:35:11'::timestamp,'None','None'
'Nv9UO6oDHoJq494ljlldy8Ucd5Bg4Dg5OpMAftXy1i0=','ewi_hb','2016-04-25 09:10:43'::timestamp,'2016-04-25 12:05:46'::timestamp,'A-36-0-027','A-36-0-027'
'Nv9UO6oDHoJq494ljlldy8Ucd5Bg4Dg5OpMAftXy1i0=','world','2016-04-25 17:20:17'::timestamp,'2016-04-26 09:26:28'::timestamp,'None','None'
'Nv9UO6oDHoJq494ljlldy8Ucd5Bg4Dg5OpMAftXy1i0=','ewi_hb','2016-04-25 13:35:11'::timestamp,'2016-04-25 17:20:17'::timestamp,'A-36-0-059','A-36-0-011'
'Nv9UO6oDHoJq494ljlldy8Ucd5Bg4Dg5OpMAftXy1i0=','ewi_hb','2016-04-26 09:26:28'::timestamp,'2016-04-26 12:13:47'::timestamp,'A-36-0-040','A-36-0-013'
'Nv9UO6oDHoJq494ljlldy8Ucd5Bg4Dg5OpMAftXy1i0=','ewi_hb','2016-04-26 13:04:58'::timestamp,'2016-04-26 16:34:53'::timestamp,'A-36-0-040','A-36-0-011'
'a+1p4QewabTvK0N2A15FWj1jSo/jOSOdwFUNlZelZGc=','ocp_me','2016-04-25 14:49:19'::timestamp,'2016-04-25 15:41:28'::timestamp,'A-134-0-054','A-134-0-054'
'BamsSFkzyiahKj5QIjeDbzngfzWDrUQJkIqZi3SoA9U=','ocp_io','2016-04-25 08:50:09'::timestamp,'2016-04-25 12:11:20'::timestamp,'A-132-0-074','A-132-0-034'
'BamsSFkzyiahKj5QIjeDbzngfzWDrUQJkIqZi3SoA9U=','world','2016-04-25 12:21:39'::timestamp,'2016-04-25 18:41:34'::timestamp,'None','None'
'BamsSFkzyiahKj5QIjeDbzngfzWDrUQJkIqZi3SoA9U=','world','2016-04-25 18:46:34'::timestamp,'2016-04-26 11:15:59'::timestamp,'None','None'
'BamsSFkzyiahKj5QIjeDbzngfzWDrUQJkIqZi3SoA9U=','world','2016-04-26 11:21:12'::timestamp,'2016-04-26 13:25:51'::timestamp,'None','None'
'BamsSFkzyiahKj5QIjeDbzngfzWDrUQJkIqZi3SoA9U=','ocp_io','2016-04-26 13:25:51'::timestamp,'2016-04-26 13:46:06'::timestamp,'A-132-0-029','A-132-0-029'
'BamsSFkzyiahKj5QIjeDbzngfzWDrUQJkIqZi3SoA9U=','tbm','2016-04-26 14:07:39'::timestamp,'2016-04-26 15:43:04'::timestamp,'A-31-0-017','A-31-0-017'
'BamsSFkzyiahKj5QIjeDbzngfzWDrUQJkIqZi3SoA9U=','ocp_io','2016-04-26 15:43:05'::timestamp,'2016-04-26 17:16:13'::timestamp,'A-132-0-034','A-132-0-023'
'XKYtTPMpywzU6+1M+07A2O3SN+cJBCov8b0vB5v0pS8=','ewi_hb','2016-04-26 09:52:21'::timestamp,'2016-04-26 13:25:51'::timestamp,'A-36-0-064','A-36-0-064'
'dQW6ygBDg24MfC4j6287HRWMTzKWaCp++TsIlQFQulY=','aula','2016-04-25 12:11:20'::timestamp,'2016-04-25 12:37:40'::timestamp,'A-20-0-010','A-20-0-010'
'dQW6ygBDg24MfC4j6287HRWMTzKWaCp++TsIlQFQulY=','btud','2016-04-25 12:37:41'::timestamp,'2016-04-25 12:53:21'::timestamp,'A-21-0-060','A-21-0-060'
'dQW6ygBDg24MfC4j6287HRWMTzKWaCp++TsIlQFQulY=','world','2016-04-25 18:56:39'::timestamp,'2016-04-26 09:57:33'::timestamp,'None','None'
'dQW6ygBDg24MfC4j6287HRWMTzKWaCp++TsIlQFQulY=','tnw_tn','2016-04-25 12:58:34'::timestamp,'2016-04-25 18:56:39'::timestamp,'A-22-0-050','A-22-0-122'
'dQW6ygBDg24MfC4j6287HRWMTzKWaCp++TsIlQFQulY=','tnw_tn','2016-04-26 09:57:33'::timestamp,'2016-04-26 18:57:50'::timestamp,'A-22-0-015','A-22-0-014'
'huXFM79fm7M93FLZh1JnqSb2xRRwXvl1ayZY/MgEGxE=','btud','2016-04-25 12:16:39'::timestamp,'2016-04-25 13:35:10'::timestamp,'A-21-0-061','A-21-0-026'
'huXFM79fm7M93FLZh1JnqSb2xRRwXvl1ayZY/MgEGxE=','tnw_dct','2016-04-25 13:40:24'::timestamp,'2016-04-25 21:37:41'::timestamp,'A-12-0-043','A-12-0-043'
'huXFM79fm7M93FLZh1JnqSb2xRRwXvl1ayZY/MgEGxE=','world','2016-04-25 21:47:43'::timestamp,'2016-04-26 11:58:01'::timestamp,'None','None'
'huXFM79fm7M93FLZh1JnqSb2xRRwXvl1ayZY/MgEGxE=','tnw_dct','2016-04-26 11:58:01'::timestamp,'2016-04-26 21:13:36'::timestamp,'A-12-0-008','A-12-0-042'
'QCfmoplNSrV/DGdPnxNWV1rFssYPFLqJgJCgled1pyY=','tnw_tn','2016-04-26 12:13:47'::timestamp,'2016-04-26 12:48:47'::timestamp,'A-22-0-106','A-22-0-106'
'9aKVmRMDAPjZffsDa87tbsQxS6OCp7BWiJEOU9s7Imw=','world','2016-04-25 17:15:02'::timestamp,'2016-04-26 08:50:13'::timestamp,'None','None'
'9aKVmRMDAPjZffsDa87tbsQxS6OCp7BWiJEOU9s7Imw=','tbm','2016-04-25 12:37:41'::timestamp,'2016-04-25 17:15:02'::timestamp,'A-31-0-019','A-31-0-002'
'9aKVmRMDAPjZffsDa87tbsQxS6OCp7BWiJEOU9s7Imw=','tbm','2016-04-26 08:50:13'::timestamp,'2016-04-26 10:39:04'::timestamp,'A-31-0-013','A-31-0-013'
'9aKVmRMDAPjZffsDa87tbsQxS6OCp7BWiJEOU9s7Imw=','tbm','2016-04-26 11:15:59'::timestamp,'2016-04-26 12:49:00'::timestamp,'A-31-0-043','A-31-0-019'
'QyDUURhgDYl+ebkUlbz78iW+VdWVJnbIf33wdeV40Gw=','world','2016-04-26 13:46:05'::timestamp,'2016-04-26 17:41:54'::timestamp,'None','None'
'QyDUURhgDYl+ebkUlbz78iW+VdWVJnbIf33wdeV40Gw=','drebbelweg','2016-04-26 08:50:13'::timestamp,'2016-04-26 13:46:05'::timestamp,'A-35-0-003','A-35-0-003'
'QyDUURhgDYl+ebkUlbz78iW+VdWVJnbIf33wdeV40Gw=','ewi_hb','2016-04-26 17:41:54'::timestamp,'2016-04-26 20:43:28'::timestamp,'A-36-0-025','A-36-0-027'
'Ftm41Gc82L5CX/sw8JY9nPVnHtnVvK5D8S+NdrtchBo=','ocp_me','2016-04-26 10:39:16'::timestamp,'2016-04-26 14:49:58'::timestamp,'A-134-0-037','A-134-0-037'
'sPAY2bQpylYi5YVU6qBPh7jrmnZDk/E1ETXt8HjoBYE=','citg','2016-04-25 10:57:57'::timestamp,'2016-04-25 12:21:39'::timestamp,'A-23-0-066','A-23-0-066'
'sPAY2bQpylYi5YVU6qBPh7jrmnZDk/E1ETXt8HjoBYE=','world','2016-04-25 21:02:29'::timestamp,'2016-04-26 02:53:34'::timestamp,'None','None'
'sPAY2bQpylYi5YVU6qBPh7jrmnZDk/E1ETXt8HjoBYE=','citg','2016-04-25 13:03:48'::timestamp,'2016-04-25 21:02:29'::timestamp,'A-23-0-066','A-23-0-066'
'sPAY2bQpylYi5YVU6qBPh7jrmnZDk/E1ETXt8HjoBYE=','world','2016-04-26 02:58:34'::timestamp,'2016-04-26 10:33:57'::timestamp,'None','None'
'sPAY2bQpylYi5YVU6qBPh7jrmnZDk/E1ETXt8HjoBYE=','citg','2016-04-26 10:33:57'::timestamp,'2016-04-26 10:49:48'::timestamp,'A-23-0-066','A-23-0-066'
'vhDNti2huHonaw84PzGOPU7WO22dQUuZIX8n2fRVGeU=','world','2016-04-25 23:36:30'::timestamp,'2016-04-26 05:33:57'::timestamp,'None','None'
'vhDNti2huHonaw84PzGOPU7WO22dQUuZIX8n2fRVGeU=','tnw_tn','2016-04-25 13:14:14'::timestamp,'2016-04-25 23:36:30'::timestamp,'A-22-0-098','A-22-0-098'
'vhDNti2huHonaw84PzGOPU7WO22dQUuZIX8n2fRVGeU=','tnw_tn','2016-04-26 05:33:57'::timestamp,'2016-04-26 08:45:07'::timestamp,'A-22-0-058','A-22-0-058'
'13BGfM8LXGv0nh3HdYGaQUKE60uSRieeS2FBpjclHjQ=','ewi_lb','2016-04-25 13:45:39'::timestamp,'2016-04-25 15:15:36'::timestamp,'A-36-0-101','A-36-0-122'
'13BGfM8LXGv0nh3HdYGaQUKE60uSRieeS2FBpjclHjQ=','btud','2016-04-25 15:41:28'::timestamp,'2016-04-25 18:46:36'::timestamp,'A-21-0-062','A-21-0-062'
'13BGfM8LXGv0nh3HdYGaQUKE60uSRieeS2FBpjclHjQ=','btud','2016-04-25 19:06:47'::timestamp,'2016-04-25 19:21:52'::timestamp,'A-21-0-003','A-21-0-002'
'hfe/Uhg6GWWfjv/46fYDKRrCCswiOnKoxkK/XNttD0Q=','ewi_hb','2016-04-25 08:19:49'::timestamp,'2016-04-25 17:35:38'::timestamp,'A-36-0-027','A-36-0-007'
'hfe/Uhg6GWWfjv/46fYDKRrCCswiOnKoxkK/XNttD0Q=','world','2016-04-25 17:40:39'::timestamp,'2016-04-26 08:24:56'::timestamp,'None','None'
'hfe/Uhg6GWWfjv/46fYDKRrCCswiOnKoxkK/XNttD0Q=','ewi_hb','2016-04-26 08:24:56'::timestamp,'2016-04-26 12:49:00'::timestamp,'A-36-0-038','A-36-0-034'
'hfe/Uhg6GWWfjv/46fYDKRrCCswiOnKoxkK/XNttD0Q=','ewi_lb','2016-04-26 12:49:00'::timestamp,'2016-04-26 13:31:05'::timestamp,'A-36-0-137','A-36-0-137'
'hfe/Uhg6GWWfjv/46fYDKRrCCswiOnKoxkK/XNttD0Q=','ewi_hb','2016-04-26 13:31:06'::timestamp,'2016-04-26 16:04:05'::timestamp,'A-36-0-007','A-36-0-064'
'2K5pdspIZ/G8xamPV8auOWHdAbVMWzOTHdIJK+d9FEg=','world','2016-04-25 17:15:02'::timestamp,'2016-04-26 10:55:03'::timestamp,'None','None'
'2K5pdspIZ/G8xamPV8auOWHdAbVMWzOTHdIJK+d9FEg=','citg','2016-04-25 15:41:28'::timestamp,'2016-04-25 17:15:02'::timestamp,'A-23-0-001','A-23-0-003'
'2K5pdspIZ/G8xamPV8auOWHdAbVMWzOTHdIJK+d9FEg=','btud','2016-04-26 10:55:03'::timestamp,'2016-04-26 11:58:01'::timestamp,'A-21-0-007','A-21-0-007'
